
<url>
                <loc>https://code-genie.ai/.xml</loc>
                <lastmod>2024-02-17T13:46:08+00:00</lastmod>
                </url>
<url>
                <loc>https://code-genie.ai/.xml</loc>
                <lastmod>2024-02-17T13:46:08+00:00</lastmod>
                </url>
<url>
                <loc>https://code-genie.ai/.xml</loc>
                <lastmod>2024-02-17T13:46:08+00:00</lastmod>
                </url>
<url>
                <loc>https://code-genie.ai/.xml</loc>
                <lastmod>2024-02-17T13:46:08+00:00</lastmod>
                </url>
<url>
                <loc>https://code-genie.ai/_Machine_ _Learning_ _Course_.xml</loc>
                <lastmod>2024-02-17T13:46:08+00:00</lastmod>
                </url>
<url>
                <loc>https://code-genie.ai/_Neural_ _Networks_ _Course_.xml</loc>
                <lastmod>2024-02-17T13:46:08+00:00</lastmod>
                </url>
<url>
                <loc>https://code-genie.ai/_GPT_-_3_, _GPT_-_4_ _Course_.xml</loc>
                <lastmod>2024-02-17T13:46:08+00:00</lastmod>
                </url>
<url>
                <loc>https://code-genie.ai/_AI_ _and_ _Big_ _Data_ _Course_.xml</loc>
                <lastmod>2024-02-17T13:46:08+00:00</lastmod>
                </url>
<url>
                <loc>https://code-genie.ai/_AI_ _Governance_ _Course_.xml</loc>
                <lastmod>2024-02-17T13:46:08+00:00</lastmod>
                </url>
<url>
                <loc>https://code-genie.ai/_Computer_ _Vision_ _Course_.xml</loc>
                <lastmod>2024-02-17T13:46:08+00:00</lastmod>
                </url>
<url>
                <loc>https://code-genie.ai/_Data_ _Science_ _Course_.xml</loc>
                <lastmod>2024-02-17T13:46:08+00:00</lastmod>
                </url>
<url>
                <loc>https://code-genie.ai/_Algorithm_ _Design_ _Course_.xml</loc>
                <lastmod>2024-02-17T13:46:08+00:00</lastmod>
                </url>
<url>
                <loc>https://code-genie.ai/_AI_ _for_ _Market_ _Research_ _Course_.xml</loc>
                <lastmod>2024-02-17T13:46:09+00:00</lastmod>
                </url>
<url>
                <loc>https://code-genie.ai/_AI_ _for_ _Inventory_ _Management_ _Course_.xml</loc>
                <lastmod>2024-02-17T13:46:09+00:00</lastmod>
                </url>
<url>
                <loc>https://code-genie.ai/_PyTorch_ _Course_.xml</loc>
                <lastmod>2024-02-17T13:46:09+00:00</lastmod>
                </url>
<url>
                <loc>https://code-genie.ai/_Sentiment_ _Analysis_ _Course_.xml</loc>
                <lastmod>2024-02-17T13:46:09+00:00</lastmod>
                </url>
<url>
                <loc>https://code-genie.ai/_AI_ _for_ _Energy_ _Management_ _Course_.xml</loc>
                <lastmod>2024-02-17T13:46:09+00:00</lastmod>
                </url>
<url>
                <loc>https://code-genie.ai/_AI_ _and_ _Robotics_ _Course_.xml</loc>
                <lastmod>2024-02-17T13:46:09+00:00</lastmod>
                </url>
<url>
                <loc>https://code-genie.ai/_AI_ _in_ _Legal_ _Analysis_ _Course_.xml</loc>
                <lastmod>2024-02-17T13:46:09+00:00</lastmod>
                </url>
<url>
                <loc>https://code-genie.ai/_Deep_ _Learning_ _AI_ _Course_.xml</loc>
                <lastmod>2024-02-17T13:46:09+00:00</lastmod>
                </url>
<url>
                <loc>https://code-genie.ai/_AI_ _in_ _Tourism_ _Course_.xml</loc>
                <lastmod>2024-02-17T13:46:09+00:00</lastmod>
                </url>
<url>
                <loc>https://code-genie.ai/_AI_ _and_ _User_ _Experience_ _Course_.xml</loc>
                <lastmod>2024-02-17T13:46:09+00:00</lastmod>
                </url>
<url>
                <loc>https://code-genie.ai/_Quantum_ _AI_ _Course_.xml</loc>
                <lastmod>2024-02-17T13:46:09+00:00</lastmod>
                </url>
<url>
                <loc>https://code-genie.ai/_AI_ _and_ _Video_ _Analysis_ _Course_.xml</loc>
                <lastmod>2024-02-17T13:46:09+00:00</lastmod>
                </url>
<url>
                <loc>https://code-genie.ai/_AI_ _and_ _Social_ _Media_ _Analysis_ _Course_.xml</loc>
                <lastmod>2024-02-17T13:46:09+00:00</lastmod>
                </url>
<url>
                <loc>https://code-genie.ai/_AI_ _for_ _Energy_ _Efficiency_ _Course_.xml</loc>
                <lastmod>2024-02-17T13:46:09+00:00</lastmod>
                </url>
<url>
                <loc>https://code-genie.ai/_Unsupervised_ _Learning_ _Course_.xml</loc>
                <lastmod>2024-02-17T13:46:09+00:00</lastmod>
                </url>
<url>
                <loc>https://code-genie.ai/_AI_ _for_ _Social_ _Good_ _Course_.xml</loc>
                <lastmod>2024-02-17T13:46:09+00:00</lastmod>
                </url>
<url>
                <loc>https://code-genie.ai/_AI_ _and_ _Language_ _Translation_ _Course_.xml</loc>
                <lastmod>2024-02-17T13:46:09+00:00</lastmod>
                </url>
<url>
                <loc>https://code-genie.ai/_Edge_ _AI_ _Course_.xml</loc>
                <lastmod>2024-02-17T13:46:09+00:00</lastmod>
                </url>
<url>
                <loc>https://code-genie.ai/_AI_ _in_ _Transportation_ _Course_.xml</loc>
                <lastmod>2024-02-17T13:46:09+00:00</lastmod>
                </url>
<url>
                <loc>https://code-genie.ai/_AI_ _and_ _Blockchain_ _Course_.xml</loc>
                <lastmod>2024-02-17T13:46:09+00:00</lastmod>
                </url>
<url>
                <loc>https://code-genie.ai/_AI_ _and_ _Creativity_ _Course_.xml</loc>
                <lastmod>2024-02-17T13:46:09+00:00</lastmod>
                </url>
<url>
                <loc>https://code-genie.ai/_AI_ _in_ _Mining_ _Course_.xml</loc>
                <lastmod>2024-02-17T13:46:09+00:00</lastmod>
                </url>
<url>
                <loc>https://code-genie.ai/_AI_ _in_ _Logistics_ _Course_.xml</loc>
                <lastmod>2024-02-17T13:46:09+00:00</lastmod>
                </url>
<url>
                <loc>https://code-genie.ai/_AI_ _for_ _Predictive_ _Maintenance_ _Course_.xml</loc>
                <lastmod>2024-02-17T13:46:09+00:00</lastmod>
                </url>
<url>
                <loc>https://code-genie.ai/_Artificial_ _Intelligence_ _Course_.xml</loc>
                <lastmod>2024-02-17T13:46:09+00:00</lastmod>
                </url>
<url>
                <loc>https://code-genie.ai/_AI_ _Strategy_ _Course_.xml</loc>
                <lastmod>2024-02-17T13:46:09+00:00</lastmod>
                </url>
<url>
                <loc>https://code-genie.ai/_AI_ _in_ _Food_ _Technology_ _Course_.xml</loc>
                <lastmod>2024-02-17T13:46:09+00:00</lastmod>
                </url>
<url>
                <loc>https://code-genie.ai/_Python_ _for_ _AI_ _Course_.xml</loc>
                <lastmod>2024-02-17T13:46:09+00:00</lastmod>
                </url>
<url>
                <loc>https://code-genie.ai/_AI_ _and_ _Ethics_ _Course_.xml</loc>
                <lastmod>2024-02-17T13:46:09+00:00</lastmod>
                </url>
<url>
                <loc>https://code-genie.ai/_AI_ _Policy_ _Course_.xml</loc>
                <lastmod>2024-02-17T13:46:09+00:00</lastmod>
                </url>
<url>
                <loc>https://code-genie.ai/_AI_ _in_ _Healthcare_ _Diagnostics_ _Course_.xml</loc>
                <lastmod>2024-02-17T13:46:09+00:00</lastmod>
                </url>
<url>
                <loc>https://code-genie.ai/_AI_ _and_ _Voice_ _Recognition_ _Course_.xml</loc>
                <lastmod>2024-02-17T13:46:09+00:00</lastmod>
                </url>
<url>
                <loc>https://code-genie.ai/_AI_ _for_ _Risk_ _Management_ _Course_.xml</loc>
                <lastmod>2024-02-17T13:46:10+00:00</lastmod>
                </url>
<url>
                <loc>https://code-genie.ai/_AI_ _in_ _Education_ _Course_.xml</loc>
                <lastmod>2024-02-17T13:46:10+00:00</lastmod>
                </url>
<url>
                <loc>https://code-genie.ai/_OpenAI_ _Course_.xml</loc>
                <lastmod>2024-02-17T13:46:10+00:00</lastmod>
                </url>
<url>
                <loc>https://code-genie.ai/_AI_ _for_ _Business_ _Course_.xml</loc>
                <lastmod>2024-02-17T13:46:10+00:00</lastmod>
                </url>
<url>
                <loc>https://code-genie.ai/_AI_ _and_ _Law_ _Course_.xml</loc>
                <lastmod>2024-02-17T13:46:10+00:00</lastmod>
                </url>
<url>
                <loc>https://code-genie.ai/_AI_ _and_ _Cybersecurity_ _Course_.xml</loc>
                <lastmod>2024-02-17T13:46:10+00:00</lastmod>
                </url>
<url>
                <loc>https://code-genie.ai/_AI_ _for_ _Customer_ _Service_ _Course_.xml</loc>
                <lastmod>2024-02-17T13:46:10+00:00</lastmod>
                </url>
<url>
                <loc>https://code-genie.ai/_AI_ _and_ _Virtual_ _Reality_ _Course_.xml</loc>
                <lastmod>2024-02-17T13:46:10+00:00</lastmod>
                </url>
<url>
                <loc>https://code-genie.ai/_AI_ _for_ _Fraud_ _Detection_ _Course_.xml</loc>
                <lastmod>2024-02-17T13:46:10+00:00</lastmod>
                </url>
<url>
                <loc>https://code-genie.ai/_AI_ _in_ _Manufacturing_ _Course_.xml</loc>
                <lastmod>2024-02-17T13:46:10+00:00</lastmod>
                </url>
<url>
                <loc>https://code-genie.ai/_AI_ _and_ _Human_ _Interaction_ _Course_.xml</loc>
                <lastmod>2024-02-17T13:46:10+00:00</lastmod>
                </url>
<url>
                <loc>https://code-genie.ai/_AI_ _and_ _Biotechnology_ _Course_.xml</loc>
                <lastmod>2024-02-17T13:46:10+00:00</lastmod>
                </url>
<url>
                <loc>https://code-genie.ai/_AI_ _and_ _Wearable_ _Technology_ _Course_.xml</loc>
                <lastmod>2024-02-17T13:46:10+00:00</lastmod>
                </url>
<url>
                <loc>https://code-genie.ai/_AI_ _for_ _Wildlife_ _Conservation_ _Course_.xml</loc>
                <lastmod>2024-02-17T13:46:10+00:00</lastmod>
                </url>
<url>
                <loc>https://code-genie.ai/_IoT_ _and_ _AI_ _Course_.xml</loc>
                <lastmod>2024-02-17T13:46:10+00:00</lastmod>
                </url>
<url>
                <loc>https://code-genie.ai/_AI_ _and_ _Digital_ _Marketing_ _Course_.xml</loc>
                <lastmod>2024-02-17T13:46:10+00:00</lastmod>
                </url>
<url>
                <loc>https://code-genie.ai/_AI_ _for_ _Elderly_ _Care_ _Course_.xml</loc>
                <lastmod>2024-02-17T13:46:10+00:00</lastmod>
                </url>
<url>
                <loc>https://code-genie.ai/_AI_ _in_ _Public_ _Transport_ _Course_.xml</loc>
                <lastmod>2024-02-17T13:46:10+00:00</lastmod>
                </url>
<url>
                <loc>https://code-genie.ai/_Robotics_ _Course_.xml</loc>
                <lastmod>2024-02-17T13:46:10+00:00</lastmod>
                </url>
<url>
                <loc>https://code-genie.ai/_Predictive_ _Analytics_ _Course_.xml</loc>
                <lastmod>2024-02-17T13:46:10+00:00</lastmod>
                </url>
<url>
                <loc>https://code-genie.ai/_Text_-_to_-_Image_ _Generation_ _Course_.xml</loc>
                <lastmod>2024-02-17T13:46:11+00:00</lastmod>
                </url>
<url>
                <loc>https://code-genie.ai/_AI_ _in_ _Gaming_ _Course_.xml</loc>
                <lastmod>2024-02-17T13:46:11+00:00</lastmod>
                </url>
<url>
                <loc>https://code-genie.ai/_AI_ _for_ _Drug_ _Discovery_ _Course_.xml</loc>
                <lastmod>2024-02-17T13:46:11+00:00</lastmod>
                </url>
<url>
                <loc>https://code-genie.ai/_AI_ _and_ _Facial_ _Recognition_ _Course_.xml</loc>
                <lastmod>2024-02-17T13:46:11+00:00</lastmod>
                </url>
<url>
                <loc>https://code-genie.ai/_AI_ _for_ _Autonomous_ _Vehicles_ _Course_.xml</loc>
                <lastmod>2024-02-17T13:46:11+00:00</lastmod>
                </url>
<url>
                <loc>https://code-genie.ai/_TensorFlow_ _Course_.xml</loc>
                <lastmod>2024-02-17T13:46:11+00:00</lastmod>
                </url>
<url>
                <loc>https://code-genie.ai/_AI_ _in_ _Retail_ _Course_.xml</loc>
                <lastmod>2024-02-17T13:46:11+00:00</lastmod>
                </url>
<url>
                <loc>https://code-genie.ai/_AI_ _and_ _5G_ _Technology_ _Course_.xml</loc>
                <lastmod>2024-02-17T13:46:11+00:00</lastmod>
                </url>
<url>
                <loc>https://code-genie.ai/_AI_ _and_ _Insurance_ _Course_.xml</loc>
                <lastmod>2024-02-17T13:46:11+00:00</lastmod>
                </url>
<url>
                <loc>https://code-genie.ai/_Natural_ _Language_ _Processing_ _Course_.xml</loc>
                <lastmod>2024-02-17T13:46:11+00:00</lastmod>
                </url>
<url>
                <loc>https://code-genie.ai/_AI_ _in_ _Sports_ _Course_.xml</loc>
                <lastmod>2024-02-17T13:46:11+00:00</lastmod>
                </url>
<url>
                <loc>https://code-genie.ai/_AI_ _in_ _Agriculture_ _Course_.xml</loc>
                <lastmod>2024-02-17T13:46:11+00:00</lastmod>
                </url>
<url>
                <loc>https://code-genie.ai/_AI_ _in_ _Supply_ _Chain_ _Course_.xml</loc>
                <lastmod>2024-02-17T13:46:11+00:00</lastmod>
                </url>
<url>
                <loc>https://code-genie.ai/_AI_ _in_ _E_-_Commerce_ _Course_.xml</loc>
                <lastmod>2024-02-17T13:46:11+00:00</lastmod>
                </url>
<url>
                <loc>https://code-genie.ai/_AI_ _Ethics_ _Course_.xml</loc>
                <lastmod>2024-02-17T13:46:11+00:00</lastmod>
                </url>
<url>
                <loc>https://code-genie.ai/_AI_ _in_ _Healthcare_ _Course_.xml</loc>
                <lastmod>2024-02-17T13:46:11+00:00</lastmod>
                </url>
<url>
                <loc>https://code-genie.ai/_AI_ _for_ _Personalization_ _Course_.xml</loc>
                <lastmod>2024-02-17T13:46:11+00:00</lastmod>
                </url>
<url>
                <loc>https://code-genie.ai/_Transfer_ _Learning_ _Course_.xml</loc>
                <lastmod>2024-02-17T13:46:11+00:00</lastmod>
                </url>
<url>
                <loc>https://code-genie.ai/_AI_ _Content_ _Creation_ _Course_.xml</loc>
                <lastmod>2024-02-17T13:46:11+00:00</lastmod>
                </url>
<url>
                <loc>https://code-genie.ai/_AI_ _in_ _Finance_ _Course_.xml</loc>
                <lastmod>2024-02-17T13:46:11+00:00</lastmod>
                </url>
<url>
                <loc>https://code-genie.ai/_AI_ _and_ _Sustainability_ _Course_.xml</loc>
                <lastmod>2024-02-17T13:46:11+00:00</lastmod>
                </url>
<url>
                <loc>https://code-genie.ai/_AI_ _in_ _Smart_ _Cities_ _Course_.xml</loc>
                <lastmod>2024-02-17T13:46:11+00:00</lastmod>
                </url>
<url>
                <loc>https://code-genie.ai/_AI_ _and_ _Art_ _Course_.xml</loc>
                <lastmod>2024-02-17T13:46:11+00:00</lastmod>
                </url>
<url>
                <loc>https://code-genie.ai/_AI_ _in_ _Music_ _Composition_ _Course_.xml</loc>
                <lastmod>2024-02-17T13:46:11+00:00</lastmod>
                </url>
<url>
                <loc>https://code-genie.ai/_Large_ _Language_ _Models_ _Course_.xml</loc>
                <lastmod>2024-02-17T13:46:11+00:00</lastmod>
                </url>
<url>
                <loc>https://code-genie.ai/_AI_ _in_ _Reinforcement_ _Learning_ _Course_.xml</loc>
                <lastmod>2024-02-17T13:46:11+00:00</lastmod>
                </url>
<url>
                <loc>https://code-genie.ai/_AI_ _and_ _Mental_ _Health_ _Course_.xml</loc>
                <lastmod>2024-02-17T13:46:11+00:00</lastmod>
                </url>
<url>
                <loc>https://code-genie.ai/_AI_ _in_ _Journalism_ _Course_.xml</loc>
                <lastmod>2024-02-17T13:46:11+00:00</lastmod>
                </url>
<url>
                <loc>https://code-genie.ai/_AI_ _and_ _Public_ _Safety_ _Course_.xml</loc>
                <lastmod>2024-02-17T13:46:11+00:00</lastmod>
                </url>
<url>
                <loc>https://code-genie.ai/_AI_ _in_ _Meteorology_ _Course_.xml</loc>
                <lastmod>2024-02-17T13:46:11+00:00</lastmod>
                </url>
<url>
                <loc>https://code-genie.ai/_AI_ _in_ _Supervised_ _Learning_ _Course_.xml</loc>
                <lastmod>2024-02-17T13:46:11+00:00</lastmod>
                </url>
<url>
                <loc>https://code-genie.ai/_AI_ _in_ _Keras_ _Course_.xml</loc>
                <lastmod>2024-02-17T13:46:11+00:00</lastmod>
                </url>
<url>
                <loc>https://code-genie.ai/_AI_ _and_ _Climate_ _Change_ _Course_.xml</loc>
                <lastmod>2024-02-17T13:46:11+00:00</lastmod>
                </url>
<url>
                <loc>https://code-genie.ai/_AI_ _and_ _Augmented_ _Reality_ _Course_.xml</loc>
                <lastmod>2024-02-17T13:46:11+00:00</lastmod>
                </url>
<url>
                <loc>https://code-genie.ai/_AI_ _in_ _Space_ _Exploration_ _Course_.xml</loc>
                <lastmod>2024-02-17T13:46:11+00:00</lastmod>
                </url>
<url>
                <loc>https://code-genie.ai/_AI_ _in_ _Real_ _Estate_ _Course_.xml</loc>
                <lastmod>2024-02-17T13:46:11+00:00</lastmod>
                </url>
<url>
                <loc>https://code-genie.ai/_Generative_ _AI_ _Course_.xml</loc>
                <lastmod>2024-02-17T13:46:11+00:00</lastmod>
                </url>
<url>
                <loc>https://code-genie.ai/_ChatGPT_ _Course_.xml</loc>
                <lastmod>2024-02-17T13:46:11+00:00</lastmod>
                </url>
<url>
                <loc>https://code-genie.ai/_Transformer_ _Models_ _Course_.xml</loc>
                <lastmod>2024-02-17T13:46:11+00:00</lastmod>
                </url>
<url>
                <loc>https://code-genie.ai/_AI_ _Programming_ _Course_.xml</loc>
                <lastmod>2024-02-17T13:46:11+00:00</lastmod>
                </url>
<url>
                <loc>https://code-genie.ai/.xml</loc>
                <lastmod>2024-02-17T13:46:11+00:00</lastmod>
                </url>
<url>
                <loc>https://code-genie.ai/.xml</loc>
                <lastmod>2024-02-17T13:46:11+00:00</lastmod>
                </url>
<url>
                <loc>https://code-genie.ai/.xml</loc>
                <lastmod>2024-02-17T13:46:11+00:00</lastmod>
                </url>
<url>
                <loc>https://code-genie.ai/.xml</loc>
                <lastmod>2024-02-17T13:46:11+00:00</lastmod>
                </url>
<url>
                <loc>https://code-genie.ai/.xml</loc>
                <lastmod>2024-02-17T13:46:11+00:00</lastmod>
                </url>
<url>
                <loc>https://code-genie.ai/.xml</loc>
                <lastmod>2024-02-17T13:46:11+00:00</lastmod>
                </url>
<url>
                <loc>https://code-genie.ai/.xml</loc>
                <lastmod>2024-02-17T13:46:11+00:00</lastmod>
                </url>
<url>
                <loc>https://code-genie.ai/.xml</loc>
                <lastmod>2024-02-17T13:46:11+00:00</lastmod>
                </url>
<url>
                <loc>https://code-genie.ai/.xml</loc>
                <lastmod>2024-02-17T13:46:11+00:00</lastmod>
                </url>
<url>
                <loc>https://code-genie.ai/.xml</loc>
                <lastmod>2024-02-17T13:46:11+00:00</lastmod>
                </url>
<url>
                <loc>https://code-genie.ai/.xml</loc>
                <lastmod>2024-02-17T13:46:11+00:00</lastmod>
                </url>
<url>
                <loc>https://code-genie.ai/.xml</loc>
                <lastmod>2024-02-17T13:46:11+00:00</lastmod>
                </url>
<url>
                <loc>https://code-genie.ai/.xml</loc>
                <lastmod>2024-02-17T13:46:11+00:00</lastmod>
                </url>
<url>
                <loc>https://code-genie.ai/.xml</loc>
                <lastmod>2024-02-17T13:46:11+00:00</lastmod>
                </url>
<url>
                <loc>https://code-genie.ai/.xml</loc>
                <lastmod>2024-02-17T13:46:11+00:00</lastmod>
                </url>
<url>
                <loc>https://code-genie.ai/.xml</loc>
                <lastmod>2024-02-17T13:46:11+00:00</lastmod>
                </url>
<url>
                <loc>https://code-genie.ai/.xml</loc>
                <lastmod>2024-02-17T13:46:11+00:00</lastmod>
                </url>
<url>
                <loc>https://code-genie.ai/.xml</loc>
                <lastmod>2024-02-17T13:46:11+00:00</lastmod>
                </url>
<url>
                <loc>https://code-genie.ai/.xml</loc>
                <lastmod>2024-02-17T13:46:11+00:00</lastmod>
                </url>
<url>
                <loc>https://code-genie.ai/.xml</loc>
                <lastmod>2024-02-17T13:46:11+00:00</lastmod>
                </url>
<url>
                <loc>https://code-genie.ai/.xml</loc>
                <lastmod>2024-02-17T13:46:11+00:00</lastmod>
                </url>
<url>
                <loc>https://code-genie.ai/.xml</loc>
                <lastmod>2024-02-17T13:46:11+00:00</lastmod>
                </url>
<url>
                <loc>https://code-genie.ai/.xml</loc>
                <lastmod>2024-02-17T13:46:11+00:00</lastmod>
                </url>
<url>
                <loc>https://code-genie.ai/.xml</loc>
                <lastmod>2024-02-17T13:46:11+00:00</lastmod>
                </url>
<url>
                <loc>https://code-genie.ai/.xml</loc>
                <lastmod>2024-02-17T13:46:11+00:00</lastmod>
                </url>
<url>
                <loc>https://code-genie.ai/.xml</loc>
                <lastmod>2024-02-17T13:46:11+00:00</lastmod>
                </url>
<url>
                <loc>https://code-genie.ai/.xml</loc>
                <lastmod>2024-02-17T13:46:11+00:00</lastmod>
                </url>
<url>
                <loc>https://code-genie.ai/.xml</loc>
                <lastmod>2024-02-17T13:46:11+00:00</lastmod>
                </url>
<url>
                <loc>https://code-genie.ai/.xml</loc>
                <lastmod>2024-02-17T13:46:11+00:00</lastmod>
                </url>
<url>
                <loc>https://code-genie.ai/.xml</loc>
                <lastmod>2024-02-17T13:46:11+00:00</lastmod>
                </url>
<url>
                <loc>https://code-genie.ai/.xml</loc>
                <lastmod>2024-02-17T13:46:11+00:00</lastmod>
                </url>
<url>
                <loc>https://code-genie.ai/.xml</loc>
                <lastmod>2024-02-17T13:46:11+00:00</lastmod>
                </url>
<url>
                <loc>https://code-genie.ai/.xml</loc>
                <lastmod>2024-02-17T13:46:11+00:00</lastmod>
                </url>
<url>
                <loc>https://code-genie.ai/.xml</loc>
                <lastmod>2024-02-17T13:46:11+00:00</lastmod>
                </url>
<url>
                <loc>https://code-genie.ai/.xml</loc>
                <lastmod>2024-02-17T13:46:11+00:00</lastmod>
                </url>
<url>
                <loc>https://code-genie.ai/.xml</loc>
                <lastmod>2024-02-17T13:46:11+00:00</lastmod>
                </url>
<url>
                <loc>https://code-genie.ai/.xml</loc>
                <lastmod>2024-02-17T13:46:11+00:00</lastmod>
                </url>
<url>
                <loc>https://code-genie.ai/.xml</loc>
                <lastmod>2024-02-17T13:46:11+00:00</lastmod>
                </url>
<url>
                <loc>https://code-genie.ai/.xml</loc>
                <lastmod>2024-02-17T13:46:11+00:00</lastmod>
                </url>
<url>
                <loc>https://code-genie.ai/.xml</loc>
                <lastmod>2024-02-17T13:46:11+00:00</lastmod>
                </url>
<url>
                <loc>https://code-genie.ai/.xml</loc>
                <lastmod>2024-02-17T13:46:11+00:00</lastmod>
                </url>
<url>
                <loc>https://code-genie.ai/.xml</loc>
                <lastmod>2024-02-17T13:46:11+00:00</lastmod>
                </url>
<url>
                <loc>https://code-genie.ai/.xml</loc>
                <lastmod>2024-02-17T13:46:11+00:00</lastmod>
                </url>
<url>
                <loc>https://code-genie.ai/.xml</loc>
                <lastmod>2024-02-17T13:46:12+00:00</lastmod>
                </url>
<url>
                <loc>https://code-genie.ai/.xml</loc>
                <lastmod>2024-02-17T13:46:12+00:00</lastmod>
                </url>
<url>
                <loc>https://code-genie.ai/.xml</loc>
                <lastmod>2024-02-17T13:46:12+00:00</lastmod>
                </url>
<url>
                <loc>https://code-genie.ai/.xml</loc>
                <lastmod>2024-02-17T13:46:12+00:00</lastmod>
                </url>
<url>
                <loc>https://code-genie.ai/.xml</loc>
                <lastmod>2024-02-17T13:46:12+00:00</lastmod>
                </url>
<url>
                <loc>https://code-genie.ai/.xml</loc>
                <lastmod>2024-02-17T13:46:12+00:00</lastmod>
                </url>
<url>
                <loc>https://code-genie.ai/.xml</loc>
                <lastmod>2024-02-17T13:46:12+00:00</lastmod>
                </url>
<url>
                <loc>https://code-genie.ai/.xml</loc>
                <lastmod>2024-02-17T13:46:12+00:00</lastmod>
                </url>
<url>
                <loc>https://code-genie.ai/.xml</loc>
                <lastmod>2024-02-17T13:46:12+00:00</lastmod>
                </url>
<url>
                <loc>https://code-genie.ai/.xml</loc>
                <lastmod>2024-02-17T13:46:12+00:00</lastmod>
                </url>
<url>
                <loc>https://code-genie.ai/.xml</loc>
                <lastmod>2024-02-17T13:46:12+00:00</lastmod>
                </url>
<url>
                <loc>https://code-genie.ai/.xml</loc>
                <lastmod>2024-02-17T13:46:12+00:00</lastmod>
                </url>
<url>
                <loc>https://code-genie.ai/.xml</loc>
                <lastmod>2024-02-17T13:46:12+00:00</lastmod>
                </url>
<url>
                <loc>https://code-genie.ai/.xml</loc>
                <lastmod>2024-02-17T13:46:12+00:00</lastmod>
                </url>
<url>
                <loc>https://code-genie.ai/.xml</loc>
                <lastmod>2024-02-17T13:46:12+00:00</lastmod>
                </url>
<url>
                <loc>https://code-genie.ai/.xml</loc>
                <lastmod>2024-02-17T13:46:12+00:00</lastmod>
                </url>
<url>
                <loc>https://code-genie.ai/.xml</loc>
                <lastmod>2024-02-17T13:46:12+00:00</lastmod>
                </url>
<url>
                <loc>https://code-genie.ai/.xml</loc>
                <lastmod>2024-02-17T13:46:12+00:00</lastmod>
                </url>
<url>
                <loc>https://code-genie.ai/.xml</loc>
                <lastmod>2024-02-17T13:46:12+00:00</lastmod>
                </url>
<url>
                <loc>https://code-genie.ai/.xml</loc>
                <lastmod>2024-02-17T13:46:12+00:00</lastmod>
                </url>
<url>
                <loc>https://code-genie.ai/.xml</loc>
                <lastmod>2024-02-17T13:46:12+00:00</lastmod>
                </url>
<url>
                <loc>https://code-genie.ai/.xml</loc>
                <lastmod>2024-02-17T13:46:12+00:00</lastmod>
                </url>
<url>
                <loc>https://code-genie.ai/.xml</loc>
                <lastmod>2024-02-17T13:46:12+00:00</lastmod>
                </url>
<url>
                <loc>https://code-genie.ai/.xml</loc>
                <lastmod>2024-02-17T13:46:12+00:00</lastmod>
                </url>
<url>
                <loc>https://code-genie.ai/.xml</loc>
                <lastmod>2024-02-17T13:46:12+00:00</lastmod>
                </url>
<url>
                <loc>https://code-genie.ai/.xml</loc>
                <lastmod>2024-02-17T13:46:12+00:00</lastmod>
                </url>
<url>
                <loc>https://code-genie.ai/.xml</loc>
                <lastmod>2024-02-17T13:46:12+00:00</lastmod>
                </url>
<url>
                <loc>https://code-genie.ai/.xml</loc>
                <lastmod>2024-02-17T13:46:12+00:00</lastmod>
                </url>
<url>
                <loc>https://code-genie.ai/.xml</loc>
                <lastmod>2024-02-17T13:46:12+00:00</lastmod>
                </url>
<url>
                <loc>https://code-genie.ai/.xml</loc>
                <lastmod>2024-02-17T13:46:12+00:00</lastmod>
                </url>
<url>
                <loc>https://code-genie.ai/.xml</loc>
                <lastmod>2024-02-17T13:46:12+00:00</lastmod>
                </url>
<url>
                <loc>https://code-genie.ai/.xml</loc>
                <lastmod>2024-02-17T13:46:12+00:00</lastmod>
                </url>
<url>
                <loc>https://code-genie.ai/.xml</loc>
                <lastmod>2024-02-17T13:46:12+00:00</lastmod>
                </url>
<url>
                <loc>https://code-genie.ai/.xml</loc>
                <lastmod>2024-02-17T13:46:12+00:00</lastmod>
                </url>
<url>
                <loc>https://code-genie.ai/.xml</loc>
                <lastmod>2024-02-17T13:46:12+00:00</lastmod>
                </url>
<url>
                <loc>https://code-genie.ai/.xml</loc>
                <lastmod>2024-02-17T13:46:12+00:00</lastmod>
                </url>
<url>
                <loc>https://code-genie.ai/.xml</loc>
                <lastmod>2024-02-17T13:46:12+00:00</lastmod>
                </url>
<url>
                <loc>https://code-genie.ai/.xml</loc>
                <lastmod>2024-02-17T13:46:12+00:00</lastmod>
                </url>
<url>
                <loc>https://code-genie.ai/.xml</loc>
                <lastmod>2024-02-17T13:46:12+00:00</lastmod>
                </url>
<url>
                <loc>https://code-genie.ai/.xml</loc>
                <lastmod>2024-02-17T13:46:12+00:00</lastmod>
                </url>
<url>
                <loc>https://code-genie.ai/.xml</loc>
                <lastmod>2024-02-17T13:46:12+00:00</lastmod>
                </url>
<url>
                <loc>https://code-genie.ai/.xml</loc>
                <lastmod>2024-02-17T13:46:12+00:00</lastmod>
                </url>
<url>
                <loc>https://code-genie.ai/.xml</loc>
                <lastmod>2024-02-17T13:46:12+00:00</lastmod>
                </url>
<url>
                <loc>https://code-genie.ai/.xml</loc>
                <lastmod>2024-02-17T13:46:12+00:00</lastmod>
                </url>
<url>
                <loc>https://code-genie.ai/.xml</loc>
                <lastmod>2024-02-17T13:46:12+00:00</lastmod>
                </url>
<url>
                <loc>https://code-genie.ai/.xml</loc>
                <lastmod>2024-02-17T13:46:12+00:00</lastmod>
                </url>
<url>
                <loc>https://code-genie.ai/.xml</loc>
                <lastmod>2024-02-17T13:46:12+00:00</lastmod>
                </url>
<url>
                <loc>https://code-genie.ai/.xml</loc>
                <lastmod>2024-02-17T13:46:12+00:00</lastmod>
                </url>
<url>
                <loc>https://code-genie.ai/.xml</loc>
                <lastmod>2024-02-17T13:46:12+00:00</lastmod>
                </url>
<url>
                <loc>https://code-genie.ai/.xml</loc>
                <lastmod>2024-02-17T13:46:12+00:00</lastmod>
                </url>
<url>
                <loc>https://code-genie.ai/.xml</loc>
                <lastmod>2024-02-17T13:46:12+00:00</lastmod>
                </url>
<url>
                <loc>https://code-genie.ai/.xml</loc>
                <lastmod>2024-02-17T13:46:12+00:00</lastmod>
                </url>
<url>
                <loc>https://code-genie.ai/.xml</loc>
                <lastmod>2024-02-17T13:46:12+00:00</lastmod>
                </url>
<url>
                <loc>https://code-genie.ai/.xml</loc>
                <lastmod>2024-02-17T13:46:12+00:00</lastmod>
                </url>
<url>
                <loc>https://code-genie.ai/.xml</loc>
                <lastmod>2024-02-17T13:46:12+00:00</lastmod>
                </url>
<url>
                <loc>https://code-genie.ai/.xml</loc>
                <lastmod>2024-02-17T13:46:12+00:00</lastmod>
                </url>
<url>
                <loc>https://code-genie.ai/.xml</loc>
                <lastmod>2024-02-17T13:46:12+00:00</lastmod>
                </url>
<url>
                <loc>https://code-genie.ai/.xml</loc>
                <lastmod>2024-02-17T13:46:12+00:00</lastmod>
                </url>
<url>
                <loc>https://code-genie.ai/.xml</loc>
                <lastmod>2024-02-17T13:46:12+00:00</lastmod>
                </url>